{
    "33343402394321344": {
        "name": "Umbrella"
    },
    "33343402394321293": {
        "name": "Television"
    },
    "23829389283833838": {
        "name": "Slippers"
    },
    "333434344394321344": {
        "name": "Mobile Phone"
    },
    "33343402394342293": {
        "name": "Home Theatre"
    },
    "2382938928382349838": {
        "name": "Hard Disk"
    },"33343402349091344": {
        "name": "Vaccum Cleaner"
    },
    "32490320403294032432": {
        "name": "Washing Machine"
    },
    "021930219309409343": {
        "name": "Radio"
    }
}